
-- INSERTS
INSERT INTO director(nombre_director) VALUES('Jon Favreau');
INSERT INTO director(nombre_director) VALUES('Louis Leterrier');
INSERT INTO director(nombre_director) VALUES('Kenneth Branagh');
INSERT INTO director(nombre_director) VALUES('Joe Johnston');
INSERT INTO director(nombre_director) VALUES('Joss Whedon');
INSERT INTO director(nombre_director) VALUES('Shane Black');
INSERT INTO director(nombre_director) VALUES('Peyton Reed');
INSERT INTO director(nombre_director) VALUES('Alan Taylor');
INSERT INTO director(nombre_director) VALUES('Anthony Russo');
INSERT INTO director(nombre_director) VALUES('Joe Russo');
INSERT INTO director(nombre_director) VALUES('James Gunn');
INSERT INTO director(nombre_director) VALUES('Scott Derrickson');
INSERT INTO director(nombre_director) VALUES('Anna Boden');
INSERT INTO director(nombre_director) VALUES('Ryan Fleck');
INSERT INTO director(nombre_director) VALUES('Jon Watts');
INSERT INTO director(nombre_director) VALUES('Taika Waititi');
INSERT INTO director(nombre_director) VALUES('Ryan Coogler');
INSERT INTO director(nombre_director) VALUES('Cate Shortland');
INSERT INTO director(nombre_director) VALUES('Destin Daniel Cretton');
INSERT INTO director(nombre_director) VALUES('Chloé Zhao');





INSERT INTO pelicula
(id_pelicula, titulo, anio)
VALUES(1, 'Iron Man', '2008');
INSERT INTO pelicula
(id_pelicula, titulo, anio)
VALUES(2, 'The Incredible Hulk', '2008');
INSERT INTO pelicula
(id_pelicula, titulo, anio)
VALUES(3, 'Iron Man 2', '2010');
INSERT INTO pelicula
(id_pelicula, titulo, anio)
VALUES(4, 'Thor', '2011');
INSERT INTO pelicula
(id_pelicula, titulo, anio)
VALUES(5, 'Capitán América: el primer vengador', '2011');
INSERT INTO pelicula
(id_pelicula, titulo, anio)
VALUES(6, 'The Avengers', '2012');
INSERT INTO pelicula
(id_pelicula, titulo, anio)
VALUES(7, 'Iron Man 3', '2013');
INSERT INTO pelicula
(id_pelicula, titulo, anio)
VALUES(8, 'Ant-Man and the Wasp', '2018');
INSERT INTO pelicula
(id_pelicula, titulo, anio)
VALUES(9, 'Thor: The Dark World', '2013');
INSERT INTO pelicula
(id_pelicula, titulo, anio)
VALUES(10, 'Captain America: The Winter Soldier', '2014');
INSERT INTO pelicula
(id_pelicula, titulo, anio)
VALUES(11, 'Guardianes de la Galaxia', '2014');
INSERT INTO pelicula
(id_pelicula, titulo, anio)
VALUES(12, 'Avengers: Age of Ultron', '2015');
INSERT INTO pelicula
(id_pelicula, titulo, anio)
VALUES(13, 'Ant-Man', '2015');
INSERT INTO pelicula
(id_pelicula, titulo, anio)
VALUES(14, 'Capitán América: Civil War', '2016');
INSERT INTO pelicula
(id_pelicula, titulo, anio)
VALUES(15, 'Doctor Strange', '2016');
INSERT INTO pelicula
(id_pelicula, titulo, anio)
VALUES(16, 'Capitana Marvel', '2019');
INSERT INTO pelicula
(id_pelicula, titulo, anio)
VALUES(17, 'Guardianes de la Galaxia Vol. 2', '2017');
INSERT INTO pelicula
(id_pelicula, titulo, anio)
VALUES(18, 'Spider-Man: Homecoming', '2017');
INSERT INTO pelicula
(id_pelicula, titulo, anio)
VALUES(19, 'Thor: Ragnarok', '2017');
INSERT INTO pelicula
(id_pelicula, titulo, anio)
VALUES(20, 'Black Panther', '2018');
INSERT INTO pelicula
(id_pelicula, titulo, anio)
VALUES(21, 'Avengers: Infinity War', '2018');
INSERT INTO pelicula
(id_pelicula, titulo, anio)
VALUES(22, 'Avengers: Endgame', '2019');
INSERT INTO pelicula
(id_pelicula, titulo, anio)
VALUES(23, 'Spyder-Man: Lejos de casa', '2019');
INSERT INTO pelicula
(id_pelicula, titulo, anio)
VALUES(24, 'Black Widow', '2021');
INSERT INTO pelicula
(id_pelicula, titulo, anio)
VALUES(25, 'Shang-Chi y la leyenda de los Diez Anillos', '2021');
INSERT INTO pelicula
(id_pelicula, titulo, anio)
VALUES(26, 'Eternals', '2021');
INSERT INTO pelicula
(id_pelicula, titulo, anio)
VALUES(27, 'Spider-Man: No Way Home', '2021');





INSERT INTO productor
(id_productor, nombre_productor)
VALUES(1, 'Avi Arad');
INSERT INTO productor
(id_productor, nombre_productor)
VALUES(2, 'Kevin Feige');
INSERT INTO productor
(id_productor, nombre_productor)
VALUES(3, 'Gale Anne Hurd');
INSERT INTO productor
(id_productor, nombre_productor)
VALUES(4, 'Stephen Broussard');
INSERT INTO productor
(id_productor, nombre_productor)
VALUES(5, 'Amy Pascal');
INSERT INTO productor
(id_productor, nombre_productor)
VALUES(6, 'Jonathan Schwartz');
INSERT INTO productor
(id_productor, nombre_productor)
VALUES(7, 'Nate Moore');






INSERT INTO produccion
(id_productor, id_pelicula)
VALUES(1, 1);
INSERT INTO produccion
(id_productor, id_pelicula)
VALUES(1, 2);
INSERT INTO produccion
(id_productor, id_pelicula)
VALUES(2, 3);
INSERT INTO produccion
(id_productor, id_pelicula)
VALUES(2, 4);
INSERT INTO produccion
(id_productor, id_pelicula)
VALUES(2, 5);
INSERT INTO produccion
(id_productor, id_pelicula)
VALUES(2, 6);
INSERT INTO produccion
(id_productor, id_pelicula)
VALUES(2, 7);
INSERT INTO produccion
(id_productor, id_pelicula)
VALUES(2, 8);
INSERT INTO produccion
(id_productor, id_pelicula)
VALUES(2, 9);
INSERT INTO produccion
(id_productor, id_pelicula)
VALUES(2, 10);
INSERT INTO produccion
(id_productor, id_pelicula)
VALUES(2, 11);
INSERT INTO produccion
(id_productor, id_pelicula)
VALUES(2, 12);
INSERT INTO produccion
(id_productor, id_pelicula)
VALUES(2, 13);
INSERT INTO produccion
(id_productor, id_pelicula)
VALUES(2, 14);
INSERT INTO produccion
(id_productor, id_pelicula)
VALUES(2, 15);
INSERT INTO produccion
(id_productor, id_pelicula)
VALUES(2, 16);
INSERT INTO produccion
(id_productor, id_pelicula)
VALUES(2, 17);
INSERT INTO produccion
(id_productor, id_pelicula)
VALUES(2, 18);
INSERT INTO produccion
(id_productor, id_pelicula)
VALUES(2, 19);
INSERT INTO produccion
(id_productor, id_pelicula)
VALUES(2, 20);
INSERT INTO produccion
(id_productor, id_pelicula)
VALUES(2, 21);
INSERT INTO produccion
(id_productor, id_pelicula)
VALUES(2, 22);
INSERT INTO produccion
(id_productor, id_pelicula)
VALUES(2, 23);
INSERT INTO produccion
(id_productor, id_pelicula)
VALUES(2, 24);
INSERT INTO produccion
(id_productor, id_pelicula)
VALUES(2, 25);
INSERT INTO produccion
(id_productor, id_pelicula)
VALUES(2, 26);
INSERT INTO produccion
(id_productor, id_pelicula)
VALUES(2, 27);




-- Auto-generated SQL script #202201221454
INSERT INTO protagonista (id_actor,id_pelicula)
	VALUES (1,Robert Downey Jr);
INSERT INTO protagonista (id_actor,id_pelicula)
	VALUES (2,Terrence Howard);
INSERT INTO protagonista (id_actor,id_pelicula)
	VALUES (3, Gwyneth Paltrow);
INSERT INTO protagonista (id_actor,id_pelicula)
	VALUES (4,Shaun Toub);
INSERT INTO protagonista (id_actor,id_pelicula)
	VALUES (5,Paul Bettany);
INSERT INTO protagonista (id_actor,id_pelicula)
	VALUES (6,Jeff Bridges);
INSERT INTO protagonista (id_actor,id_pelicula)
	VALUES (7,Edward Norton);
INSERT INTO protagonista (id_actor,id_pelicula)
	VALUES (8,Liv Tyler);
INSERT INTO protagonista (id_actor,id_pelicula)
	VALUES (9,Tim Roth);
INSERT INTO protagonista (id_actor,id_pelicula)
	VALUES (10,Tim Blake Nelson);
INSERT INTO protagonista (id_actor,id_pelicula)
	VALUES (11,Ty Burrell);
INSERT INTO protagonista (id_actor,id_pelicula)
	VALUES (12,William Hurt);
INSERT INTO protagonista (id_actor,id_pelicula)
	VALUES (13, Don Cheadle);
INSERT INTO protagonista (id_actor,id_pelicula)
	VALUES (14,Scarlett Johansson);
INSERT INTO protagonista (id_actor,id_pelicula)
	VALUES (15,Sam Rockwell);
INSERT INTO protagonista (id_actor,id_pelicula)
	VALUES (16,Mickey Rourke);
INSERT INTO protagonista (id_actor,id_pelicula)
	VALUES (17,Samuel L. Jackson);
INSERT INTO protagonista (id_actor,id_pelicula)
	VALUES (18,Chris Hemsworth);
INSERT INTO protagonista (id_actor,id_pelicula)
	VALUES (19,Tom Hiddleston);
INSERT INTO protagonista (id_actor,id_pelicula)
	VALUES (20,Natalie Portman);
INSERT INTO protagonista (id_actor,id_pelicula)
	VALUES (21, Stellan Skarsgard);
INSERT INTO protagonista (id_actor,id_pelicula)
	VALUES (22,Idris Elba);
INSERT INTO protagonista (id_actor,id_pelicula)
	VALUES (23,Jaimie Alexander);
INSERT INTO protagonista (id_actor,id_pelicula)
	VALUES (24,Colm Feore);
INSERT INTO protagonista (id_actor,id_pelicula)
	VALUES (25,Rene Russo);
INSERT INTO protagonista (id_actor,id_pelicula)
	VALUES (26,Anthony Hopkins);
INSERT INTO protagonista (id_actor,id_pelicula)
	VALUES (27,Jeremy Renner);
INSERT INTO protagonista (id_actor,id_pelicula)
	VALUES (28,Tommy Lee Jones);
INSERT INTO protagonista (id_actor,id_pelicula)
	VALUES (29,Stanley Tucci);
INSERT INTO protagonista (id_actor,id_pelicula)
	VALUES (30,Neal McDonough);
INSERT INTO protagonista (id_actor,id_pelicula)
	VALUES (31,Dominic Cooper);
INSERT INTO protagonista (id_actor,id_pelicula)
	VALUES (32,Sebastian Stan);
INSERT INTO protagonista (id_actor,id_pelicula)
	VALUES (33,Hayley Atwell);
INSERT INTO protagonista (id_actor,id_pelicula)
	VALUES (34,Hugo Weaving);
INSERT INTO protagonista (id_actor,id_pelicula)
	VALUES (35,Chris Evans);
INSERT INTO protagonista (id_actor,id_pelicula)
	VALUES (36,Angelina Jolie);
INSERT INTO protagonista (id_actor,id_pelicula)
	VALUES (37, Salma Hayek);
INSERT INTO protagonista (id_actor,id_pelicula)
	VALUES (38,Kit Harington);
INSERT INTO protagonista (id_actor,id_pelicula)
	VALUES (39,Harish Patel);
INSERT INTO protagonista (id_actor,id_pelicula)
	VALUES (40,Don Lee);
INSERT INTO protagonista (id_actor,id_pelicula)
	VALUES (41,Barry Keoghan);
INSERT INTO protagonista (id_actor,id_pelicula)
	VALUES (42,Lauren Ridloff,);
INSERT INTO protagonista (id_actor,id_pelicula)
	VALUES (43,Brian Tyree Henry);
INSERT INTO protagonista (id_actor,id_pelicula)
	VALUES (44,Lia McHugh);
INSERT INTO protagonista (id_actor,id_pelicula)
	VALUES (45,Kumail Nanjiani);
INSERT INTO protagonista (id_actor,id_pelicula)
	VALUES (46,Richard Madden);
INSERT INTO protagonista (id_actor,id_pelicula)
	VALUES (47,Gemma Chan);
